,product_name
0,Banana
1,Bag of Organic Bananas
2,Organic Strawberries
3,Organic Baby Spinach
4,Organic Hass Avocado
5,Organic Avocado
6,Large Lemon
7,Strawberries
8,Limes
9,Organic Whole Milk
10,Organic Raspberries
11,Organic Yellow Onion
12,Organic Garlic
13,Organic Zucchini
14,Organic Blueberries
15,Cucumber Kirby
16,Organic Fuji Apple
17,Organic Lemon
18,Organic Grape Tomatoes
19,Apple Honeycrisp Organic
20,Seedless Red Grapes
21,Organic Cucumber
22,Honeycrisp Apple
23,Organic Baby Carrots
24,Sparkling Water Grapefruit
25,Organic Half & Half
26,Organic Large Extra Fancy Fuji Apple
27,Yellow Onions
28,Organic Baby Arugula
29,Organic Gala Apples
30,Carrots
31,Fresh Cauliflower
32,Original Hummus
33,Organic Cilantro
34,Half & Half
35,Asparagus
36,Organic Red Onion
37,Organic Small Bunch Celery
38,Michigan Organic Kale
39,Organic Tomato Cluster
40,Organic Blackberries
41,100% Whole Wheat Bread
42,Organic Italian Parsley Bunch
43,Organic Whole String Cheese
44,Organic Granny Smith Apple
45,Raspberries
46,Organic Unsweetened Almond Milk
47,Organic Red Bell Pepper
48,Spring Water
49,Blueberries
50,Red Peppers
51,Green Bell Pepper
52,Organic Peeled Whole Baby Carrots
53,Red Vine Tomato
54,Organic Garnet Sweet Potato (Yam)
55,Organic Ginger Root
56,Hass Avocados
57,Boneless Skinless Chicken Breasts
58,Extra Virgin Olive Oil
59,Small Hass Avocado
60,Organic Kiwi
61,Unsweetened Almondmilk
62,Organic D'Anjou Pears
63,Organic Reduced Fat 2% Milk
64,Lime Sparkling Water
65,Bunched Cilantro
66,Grated Parmesan
67,Broccoli Crown
68,Organic Lacinato (Dinosaur) Kale
69,Sparkling Natural Mineral Water
70,Organic Navel Orange
71,Red Onion
72,Jalapeno Peppers
73,Uncured Genoa Salami
74,Large Alfresco Eggs
75,Roma Tomato
76,Organic Grade A Free Range Large Brown Eggs
77,"Clementines, Bag"
78,Orange Bell Pepper
79,Grape White/Green Seedless
80,Organic Broccoli
81,Organic Black Beans
82,100% Raw Coconut Water
83,Organic Bartlett Pear
84,2% Reduced Fat Milk
85,Garlic
86,Shredded Parmesan
87,Granny Smith Apples
88,Organic Carrot Bunch
89,Soda
90,Unsalted Butter
91,Whole Milk
92,Organic Reduced Fat Milk
93,Bartlett Pears
94,Unsweetened Original Almond Breeze Almond Milk
95,Organic Romaine Lettuce
96,Organic Sticks Low Moisture Part Skim Mozzarella String Cheese
97,Pure Irish Butter
98,Organic Broccoli Florets
99,Sparkling Lemon Water
100,Feta Cheese Crumbles
101,Organic Russet Potato
102,Organic Large Brown Grade AA Cage Free Eggs
103,Organic Baby Broccoli
104,Organic Spring Mix
105,Organic Whole Strawberries
106,Whipped Cream Cheese
107,Vanilla Almond Breeze Almond Milk
108,Clementines
109,Italian Sparkling Mineral Water
110,Sharp Cheddar Cheese
111,Organic Garbanzo Beans
112,Frozen Organic Wild Blueberries
113,Total 2% with Strawberry Lowfat Greek Strained Yogurt
114,Russet Potato
115,Fat Free Milk
116,Organic Roma Tomato
117,Organic Extra Firm Tofu
118,Green Beans
119,Pure Sparkling Water
120,Organic Roasted Turkey Breast
121,No Salt Added Black Beans
122,100% Recycled Paper Towels
123,Organic Milk
124,Organic Coconut Milk
125,"Organic Red Radish, Bunch"
126,Green Onions
127,Honey Nut Cheerios
128,Organic Basil
129,Total 0% Nonfat Greek Yogurt
130,Shredded Mild Cheddar Cheese
131,Organic Sour Cream
132,Red Raspberries
133,Ground Turkey Breast
134,Unsweetened Vanilla Almond Milk
135,Organic Fat Free Milk
136,Total Greek Strained Yogurt
137,Total 0% Greek Yogurt
138,Romaine Hearts
139,Yellow Bell Pepper
140,Organic Large Grade AA Brown Eggs
141,Pineapple Chunks
142,Original Orange Juice
143,Lightly Salted Baked Snap Pea Crisps
144,Organic Heavy Whipping Cream
145,Fresh Ginger Root
146,Watermelon Chunks
147,Cantaloupe
148,Gala Apples
149,Organic Celery Hearts
150,Organic Hothouse Cucumbers
151,Organic Romaine
152,Organic White Onions
153,Organic Bell Pepper
154,Baby Spinach
155,Organic 2% Reduced Fat Milk
156,Organic Bread with 21 Whole Grains
157,Blackberries
158,Total 2% All Natural Greek Strained Yogurt with Honey
159,Boneless Skinless Chicken Breast
160,Brussels Sprouts
161,Shredded Mozzarella
162,Organic Diced Tomatoes
163,Cherubs Heavenly Salad Tomatoes
164,Sour Cream
165,Creamy Almond Butter
166,Organic Green Seedless Grapes
167,Large Grapefruit
168,Organic Unsalted Butter
169,Organic Spring Mix Salad
170,Organic Green Cabbage
171,Organic Bosc Pear
172,Peach Pear Flavored Sparkling Water
173,Organic Yellow Peaches
174,Uncured Hickory Smoked Sunday Bacon
175,Electrolyte Enhanced Water
176,Heavy Whipping Cream
177,Organic Raw Kombucha Gingerade
178,Total 2% Lowfat Greek Strained Yogurt With Blueberry
179,Organic Jalapeno Pepper
180,Organic Shredded Carrots
181,Creamy Peanut Butter
182,Organic Frozen Peas
183,Oven Roasted Turkey Breast
184,Organic Yams
185,Organic Banana
186,Organic Old Fashioned Rolled Oats
187,"Milk, Organic, Vitamin D"
188,Marinara Sauce
189,Unsalted Pure Irish Butter
190,Organic Butternut Squash
191,Organic Baby Rainbow Carrots
192,Total 2% Lowfat Greek Strained Yogurt with Peach
193,Organic Mint
194,Lemonade
195,Natural Spring Water
196,Organic Leek
197,Sweet Onion
198,"YoKids Squeezers Organic Low-Fat Yogurt, Strawberry"
199,Organic Egg Whites
200,Organic Thyme
201,Original No Pulp 100% Florida Orange Juice
202,Organic Large Green Asparagus
203,Salted Butter
204,Icelandic Style Skyr Blueberry Non-fat Yogurt
205,White Corn
206,Hass Avocado
207,Chicken & Maple Breakfast Sausage
208,Organic Broccoli Crowns
209,Sustainably Soft Bath Tissue
210,Organic Shredded Mozzarella
211,European Cucumber
212,Organic Mexican Blend Finely Shredded Cheese
213,Organic Baby Kale
214,Fridge Pack Cola
215,Pure Coconut Water
216,Vanilla Skyr Nonfat Yogurt
217,Sparkling Mineral Water
218,Organic Creamy Peanut Butter
219,Organic American Cheese Singles
220,Total 2% Greek Strained Yogurt with Cherry 5.3 oz
221,Guacamole
222,Ezekiel 4:9 Bread Organic Sprouted Whole Grain
223,Mango Chunks
224,Organic Baby Spinach Salad
225,Organic Tomato Paste
226,Roasted Turkey Breast
227,Organic Low Sodium Chicken Broth
228,Organic Snipped Green Beans
229,Shallot
230,Macaroni & Cheese
231,Sparkling Water Berry
232,Reduced Fat 2% Milk
233,Globe Eggplant
234,Roasted Red Pepper Hummus
235,Spinach
236,Organic Tomato Basil Pasta Sauce
237,Orange Juice
238,Original Veggie Straws
239,Air Chilled Organic Boneless Skinless Chicken Breasts
240,Trilogy Kombucha Drink
241,Organic Beef Hot Dogs
242,Sea Salt Pita Chips
243,Total 2% All Natural Plain Greek Yogurt
244,Asparation/Broccolini/Baby Broccoli
245,Lemon Hummus
246,Sourdough Bread
247,2% Reduced Fat Organic Milk
248,White Onion
249,Non Fat Raspberry Yogurt
250,Total 2% Lowfat Plain Greek Yogurt
251,Organic AppleApple
252,Distilled Water
253,Organic Dill
254,Pretzel Crisps Original Deli Style Pretzel Crackers
255,Organic Grade A Large Brown Eggs
256,Organic Unsweetened Vanilla Almond Milk
257,Spaghetti
258,XL Emerald White Seedless Grapes
259,Basil Pesto
260,Sinfully Sweet Campari Tomatoes
261,Frozen Broccoli Florets
262,Vine Ripe Tomatoes
263,Raisin Bran Cereal
264,Super Greens Salad
265,Mini Original Babybel Cheese
266,Organic Whole Grassmilk Milk
267,Organic Ketchup
268,Organic Turkey Bacon
269,Strawberry Preserves
270,Whole Milk Plain Yogurt
271,Organic Red Cabbage
272,Original Nooks & Crannies English Muffins
273,Organic Salted Butter
274,Large Yellow Flesh Nectarine
275,Grapefruit Sparkling Water
276,Corn Tortillas
277,Organic Medium Salsa
278,Sea Salt & Vinegar Potato Chips
279,Organic Lowfat 1% Milk
280,"Super Spinach! Baby Spinach, Baby Bok Choy, Sweet Baby Kale"
281,Organic Rainbow Carrots
282,Original Pure Creamy Almond Milk
283,Tilapia Filet
284,Total 0% Nonfat Plain Greek Yogurt
285,Mild Salsa
286,Total 2% All Natural Low Fat 2% Milkfat Greek Strained Yogurt
287,Natural Chicken & Sage Breakfast Sausage
288,Orange Sparkling Water
289,Organic Bunch Beets
290,Organic Iceberg Lettuce
291,Baby Cucumbers
292,Berry Medley
293,Organic Large Brown Eggs
294,Organic Cheese Frozen Pizza
295,Bing Cherries
296,Organic Brown Rice
297,Skim Milk
298,Sugar Snap Peas
299,Chocolate Chip Cookies
300,1% Lowfat Milk
301,Organic Large Grade A Brown Eggs
302,Organic Green Leaf Lettuce
303,Honeycrisp Apples
304,Diced Tomatoes
305,Organic Tortilla Chips
306,Seedless Small Watermelon
307,Plain Greek Yogurt
308,Organic Red Delicious Apple
309,Natural Artesian Water
310,Seedless Cucumbers
311,Black Beans
312,Baked Aged White Cheddar Rice and Corn Puffs
313,Gluten Free Whole Grain Bread
314,Water
315,Organic Tomato Sauce
316,Organic Plain Whole Milk Yogurt
317,Organic Extra Large Grade AA Brown Eggs
318,Organic Whole Grain Wheat English Muffins
319,Uncured Slow Cooked Ham
320,Organic Whole Milk with DHA Omega-3
321,"Flat Parsley, Bunch"
322,Organic Spaghetti Squash
323,Goat Cheese Crumbles
324,2% Reduced Fat DHA Omega-3 Reduced Fat Milk
325,Packaged Grape Tomatoes
326,Chocolate Ice Cream
327,Light Brown Sugar
328,Organic Bunny Fruit Snacks Berry Patch
329,Organic Extra Virgin Olive Oil
330,English Seedless Cucumber
331,Organic Original Hommus
332,Celery Hearts
333,Tomato Ketchup
334,0% Greek Strained Yogurt
335,Sea Salt Potato Chips
336,Organic Cripps Pink Apples
337,Organic Blue Corn Tortilla Chips
338,Organic Chicken & Apple Sausage
339,Tomato Sauce
340,Iceberg Lettuce
341,Organic Free Range Chicken Broth
342,100 Calorie  Per Bag Popcorn
343,Toasted Coconut Almondmilk Blend
344,Almonds & Sea Salt in Dark Chocolate
345,Organic Whole Kernel Sweet Corn No Salt Added
346,Organic Whole Cashews
347,Organic Whipped Naturally Buttery Spread
348,Organic Nectarine
349,Ginger Ale
350,Organic Good Seed Bread
351,"Organic Milk Reduced Fat, 2% Milkfat"
352,Organic Romaine Hearts
353,"Cage Free Brown Eggs-Large, Grade A"
354,Potato Yukon Gold Organic
355,Grade A Large White Eggs
356,Organic Summer Strawberry Bunny Fruit Snacks
357,Green Seedless Grapes
358,Sparkling Water
359,Organic Thompson Seedless Raisins
360,Organic Cauliflower
361,Whole Almonds
362,Organic Sunday Bacon
363,Italian Extra Virgin Olive Oil
364,Classic Hummus
365,Apples
366,I Heart Baby Kale
367,Cereal
368,85% Lean Ground Beef
369,Kale Greens
370,Crackers Cheddar Bunnies Snack Packs
371,Colby Cheese Sticks
372,YoKids Blueberry & Strawberry/Vanilla Yogurt
373,Trail Mix
374,Total 0% Raspberry Yogurt
375,"Organic Butterhead (Boston, Butter, Bibb) Lettuce"
376,Cinnamon Rolls with Icing
377,"Yogurt, Strained Low-Fat, Coconut"
378,Vanilla Ice Cream
379,Original Hot Sauce
380,Organic 1% Low Fat Milk
381,Organic Roasted Sliced Chicken Breast
382,Hint Of Sea Salt Almond Nut Thins
383,Organic Beef Uncured Hot Dogs
384,Cream Cheese Spread
385,Organic Chopped Spinach
386,Natural Premium Coconut Water
387,Crushed Tomatoes
388,Organic Spinach Bunch
389,Organic 21 Grain Thin Sliced Bread
390,Kids Organic Chocolate Chip ZBars
391,Organic Uncured Sliced Black Forest Ham
392,Organic Fresh Basil
393,Cola
394,Organic Apple Juice
395,Organic Vegetable Broth
396,Oven Roasted Turkey
397,Organic Honey Sweet Whole Wheat Bread
398,Organic Plain Greek Whole Milk Yogurt
399,Organic Strawberry Smoothie
400,Rainbow Bell Peppers
401,Large Brown Eggs
402,Organic Vanilla Almond Milk
403,Organic Small Curd Cottage Cheese
404,Sweet Kale Salad Mix
405,Roasted Pine Nut Hummus
406,Vanilla Pure Almond Milk
407,Smartwater
408,Organic Red On the Vine Tomato
409,Organic Romaine Leaf
410,Tomato Paste
411,Blackberry Cucumber Sparkling Water
412,Green Peas
413,Organic Chicken Broth
414,Mandarin Oranges
415,Mild Cheddar Cheese Sticks
416,Pita Chips Simply Naked
417,Organic Strawberry Fruit Spread
418,Original Whipped Cream Cheese
419,Organic Dark Chocolate Peanut Butter Cups
420,Total 0% with Honey Nonfat Greek Strained Yogurt
421,Organic Yellow Squash
422,Green Tea With Ginseng and Honey
423,Marinara Pasta Sauce
424,Organic Whole Wheat Bread
425,Organic Chicken Strips
426,Salted Tub of Butter
427,Natural Artisan Water
428,Purified Water
429,Organic Dijon Mustard
430,Vanilla Unsweetened Almond Milk
431,Original Semisoft Cheese
432,Almond Breeze Original Almond Milk
433,Organic Red Chard Greens
434,Aged White Cheddar Baked Rice & Corn Puffs Gluten Free Lunch Packs
435,Baby Arugula
436,Organic Macaroni Shells & Real Aged Cheddar
437,Kiwi
438,Coke Classic
439,Sliced Black Olives
440,Organic Pinto Beans
441,Aluminum Foil
442,Organic Baby Kale Mix
443,Organic Multigrain Waffles
444,Real Mayonnaise
445,Medium Cheddar Cheese Block
446,Gluten Free Dark Chocolate Chunk Chewy with a Crunch Granola Bars
447,Lime
448,Alpine Spring Water
449,Firm Tofu
450,Blood Oranges
451,Organic Chicken Stock
452,Pure & Natural Sour Cream
453,Nonfat Icelandic Style Strawberry Yogurt
454,Organic Cream Cheese Bar
455,Whole Wheat Bread
456,Organic Orange Bell Pepper
457,Organic Whipping Cream
458,Boneless Skinless Chicken Thighs
459,Cheddar Bunnies Snack Crackers
460,Red Potatoes
461,Organic Frozen Mango Chunks
462,Walnut Halves & Pieces
463,Naturals Chicken Nuggets
464,Romaine Lettuce
465,Mozzarella String Cheese
466,Cran Raspberry Sparkling Water
467,Thin Crust Pepperoni Pizza
468,Mint
469,Organic Italian Salad
470,Orange Calcium & Vitamin D Pulp Free
471,Collard Greens
472,Vitamin D Organic Whole Milk
473,Organic Low Sodium Vegetable Broth
474,Whole Milk Ricotta Cheese
475,Organic Rosemary
476,Organic Medjool Dates
477,Authentic French Brioche Hamburger Buns
478,Medium Navel Orange
479,Large Greenhouse Tomato
480,Bunny-Luv Fresh Organic Carrots
481,Plain Bagels
482,Organic Sea Salt Roasted Seaweed Snacks
483,Organic No Salt Added Diced Tomatoes
484,Fresh CA Grown Eggs
485,Organic Boneless Skinless Chicken Breast
486,Reduced Fat Milk 100% Lactose Free
487,Dried Mango
488,Fresh Mozzarella Ball
489,Roasted Turkey
490,Dha Omega 3 Reduced Fat 2% Milk
491,Chopped Walnuts
492,Strawberry Rhubarb Yoghurt
493,Mixed Fruit Fruit Snacks
494,Boomchickapop Sea Salt Popcorn
495,Raspberry Preserves
496,Organic Original Almond Milk
497,Cage Free Large White Eggs
498,Organic Sliced Peaches
499,Blueberry Yoghurt
